block name,point 1,point 2,point 3,point 4
5701,"268.5277009246352, 377.4456177752084","346.1536490997599, 377.4456177752084","346.1536490997599, 251.9006597684502","268.5277009246352, 251.9006597684502"
5702,"365.9508715092009, 442.56229790620745","487.3391003775071, 442.56229790620745","487.3391003775071, 349.3152122136532","365.9508715092009, 349.3152122136532"
5703,"417.5278434634349, 292.01253407030185","487.8600788585352, 292.01253407030185","487.8600788585352, 172.7187768566735","417.5278434634349, 172.7187768566735"
