{
  "n_samples": 67,
  "n_features": 28,
  "oob_r2": 0.6044996158463193,
  "cv_r2_mean": 0.515515255228922,
  "cv_r2_std": 0.11611404786509831,
  "cv_rmse": 8.20835110738706,
  "cv_mae": 6.756089089953209,
  "train_r2": 0.9450143963273245,
  "feature_names": [
    "Height",
    "Foundation Height",
    "Out of Plane",
    "Structural Cracking",
    "Cap Deterioration",
    "Cracking Junction",
    "Sill 1",
    "Sill 2",
    "Coat 1 Cracking",
    "Coat 1 Loss",
    "Coat 2 Cracking",
    "Coat 2 Loss",
    "Lintel Deterioration",
    "Surface Loss Top",
    "Surface Loss Mid",
    "Surface Loss Low",
    "Foundation Displacement 1",
    "Foundation Displacement 2",
    "Foundation Mortar 1",
    "Foundation Mortar 2",
    "Foundation Stone Det",
    "Treatment",
    "Bracing",
    "Bracing Score",
    "Animal Activity",
    "Fireplace",
    "Point Cloud Mean",
    "Point Cloud Deviation"
  ],
  "importances_mdi": [
    0.054871803888072945,
    0.023920518190799333,
    0.11452111458416393,
    0.17575435253316787,
    0.06661925634571603,
    0.007836437933456687,
    0.036236867641184445,
    0.021463320012086687,
    0.02871120395854272,
    0.018739794917890944,
    0.20732971164436179,
    0.005569322544076413,
    0.03512479273837937,
    0.013548437087191717,
    0.008695031231831893,
    0.01403454695833735,
    0.04256366465805288,
    0.012989325395545709,
    0.006701232983685732,
    0.00781366220161768,
    0.017985641721406768,
    0.003074727746816416,
    0.0011282858161172614,
    0.004350292585290272,
    0.004014445839168445,
    0.008131377723125062,
    0.03919699089906078,
    0.019073840220852935
  ],
  "importances_perm_mean": [
    0.031952474930154705,
    0.01317190649291424,
    0.13623445188382613,
    0.2263436421994654,
    0.0504241176982867,
    0.002968973864104844,
    0.02356101321507181,
    0.011742066331230447,
    0.018698203994447885,
    0.013131557411177889,
    0.25067596367637696,
    0.0020968692452586406,
    0.025070515429293793,
    0.008269655483241763,
    0.004783564172663642,
    0.010263421709169293,
    0.029241971273714838,
    0.007999648872441693,
    0.0028389455121009765,
    0.0031286380486958976,
    0.0137793041202527,
    0.00016954510010161277,
    0.0012323781856765192,
    0.002061114879487676,
    0.0014045941164707253,
    0.005004507363622934,
    0.026319327976555187,
    0.009580477209656465
  ],
  "importances_perm_std": [
    0.005557237652101851,
    0.0028849015697795205,
    0.020373489658183155,
    0.04603429592387391,
    0.006950640091943181,
    0.0006349264921531705,
    0.005518933679530866,
    0.0024310534306635893,
    0.0035083586477220705,
    0.00325066628871882,
    0.04164484666643801,
    0.00035780407084914153,
    0.005259026339059674,
    0.0023411187555218336,
    0.0010640180489751862,
    0.0022742619654036083,
    0.007169613859793242,
    0.0021354465061341715,
    0.0008047877897172839,
    0.0008977962678848766,
    0.0035388825546893658,
    0.00036486274722449943,
    0.00025309899827580544,
    0.000594312129678759,
    0.000570854151940982,
    0.0010858032564535227,
    0.004564012763784462,
    0.0014628514493694143
  ],
  "top_features": [
    "Coat 2 Cracking",
    "Structural Cracking",
    "Out of Plane",
    "Cap Deterioration",
    "Height",
    "Foundation Displacement 1",
    "Point Cloud Mean",
    "Sill 1",
    "Lintel Deterioration",
    "Coat 1 Cracking"
  ],
  "top_importances_mdi": [
    0.20732971164436179,
    0.17575435253316787,
    0.11452111458416393,
    0.06661925634571603,
    0.054871803888072945,
    0.04256366465805288,
    0.03919699089906078,
    0.036236867641184445,
    0.03512479273837937,
    0.02871120395854272
  ],
  "top_importances_perm": [
    0.25067596367637696,
    0.2263436421994654,
    0.13623445188382613,
    0.0504241176982867,
    0.031952474930154705,
    0.029241971273714838,
    0.026319327976555187,
    0.02356101321507181,
    0.025070515429293793,
    0.018698203994447885
  ],
  "top_importances_perm_std": [
    0.04164484666643801,
    0.04603429592387391,
    0.020373489658183155,
    0.006950640091943181,
    0.005557237652101851,
    0.007169613859793242,
    0.004564012763784462,
    0.005518933679530866,
    0.005259026339059674,
    0.0035083586477220705
  ]
}