{
  "factor_analysis_verification": {
    "loadings": {
      "Factor 1": {
        "Sill 1": 0.04630154965777318,
        "Sill 2": 0.02539326420220296,
        "Coat 1 Cracking": 1.001737998745223,
        "Coat 1 Loss": 0.44070592228515715,
        "Lintel Deterioration": 0.7265689452499855,
        "Coat 2 Cracking": 0.5937951748114296,
        "Structural Cracking": -0.06367564548737625,
        "Out of Plane": -0.0581265054504898
      },
      "Factor 2": {
        "Sill 1": 0.9916236061803549,
        "Sill 2": 0.9967196060243906,
        "Coat 1 Cracking": -0.03608219196264503,
        "Coat 1 Loss": 0.035136934760439865,
        "Lintel Deterioration": -0.04263720062304847,
        "Coat 2 Cracking": 0.0838977492200237,
        "Structural Cracking": 0.06464025759140844,
        "Out of Plane": -0.06048426656815448
      },
      "Factor 3": {
        "Sill 1": 0.05181227983447455,
        "Sill 2": 0.05413223702454907,
        "Coat 1 Cracking": -0.03124449683198731,
        "Coat 1 Loss": -0.14208530290198226,
        "Lintel Deterioration": -0.03569980504735164,
        "Coat 2 Cracking": -0.04353654721561893,
        "Structural Cracking": 0.318052618714248,
        "Out of Plane": 0.9951191320200776
      }
    },
    "communalities": {
      "Sill 1": 0.9881457221764888,
      "Sill 2": 0.9970250899855413,
      "Coat 1 Cracking": 1.0057571612891978,
      "Coat 1 Loss": 0.21564454742231842,
      "Lintel Deterioration": 0.5309948391590654,
      "Coat 2 Cracking": 0.3615269728969801,
      "Structural Cracking": 0.10939041900070848,
      "Out of Plane": 0.9972991240505661
    },
    "heywood_cases": [
      [
        "Coat 1 Cracking",
        1.0057571612891978
      ]
    ]
  },
  "supplemental_rf_geometric_only": {
    "n_features": 9,
    "features": [
      "Height",
      "Foundation Height",
      "Treatment",
      "Bracing",
      "Bracing Score",
      "Animal Activity",
      "Fireplace",
      "Point Cloud Mean",
      "Point Cloud Deviation"
    ],
    "oob_r2": 0.006446563612232725,
    "cv_r2_mean": -0.05424383698811015,
    "cv_r2_std": 0.14775228868258405,
    "cv_rmse": 11.879394927055213,
    "cv_mae": 10.059564624250102,
    "importances_mdi": [
      0.20365252131555556,
      0.19395737467535282,
      0.01962092631165099,
      0.014920363265403603,
      0.042889974386328536,
      0.03569749540691056,
      0.033667194147590174,
      0.2643672757256625,
      0.19122687476554523
    ],
    "importances_perm_mean": [
      0.32145634530026274,
      0.27733850963751455,
      0.02496788172921982,
      0.014704042860723203,
      0.04351375083357213,
      0.03487520719689151,
      0.03412190209879899,
      0.40681222144819645,
      0.2068703048114991
    ],
    "importances_perm_std": [
      0.060386507386968824,
      0.04145155458614552,
      0.006712026457643675,
      0.003043324321923062,
      0.007789658722912091,
      0.008255771201505646,
      0.007770816596290426,
      0.06765538891452404,
      0.01915365325368346
    ]
  }
}